"firstName1","lastName1","Mon Nov 04 00:00:00 IST 93","5.0"
"firstName191","lastName191","Tue Jan 08 00:14:00 IST 93","5.0"
"firstName193","lastName193","Mon Jan 07 00:08:00 IST 93","9.0"
"firstName194","lastName194","Fri Jan 04 00:19:00 IST 93","9.0"
"firstName196","lastName196","Tue Jan 01 00:28:00 IST 93","8.0"
"firstName198","lastName198","Wed Jan 11 00:21:00 IST 92","1.0"
"firstName199","lastName199","Thu Jan 03 00:23:00 IST 93","4.0"
"firstName20","lastName20","Wed Nov 06 00:00:00 IST 93","9.0"
"firstName200","lastName200","Sat Jan 05 00:27:00 IST 93","1.0"
"firstName202","lastName202","Sun Jan 12 00:00:00 IST 94","7.0"
"firstName204","lastName204","Sun Oct 05 00:00:00 IST 94","6.0"
"firstName205","lastName205","Sat Jan 11 00:00:00 IST 94","9.0"
"firstName207","lastName207","Thu Sep 05 00:00:00 IST 93","2.0"
"firstName209","lastName209","Sun Aug 11 00:00:00 IST 93","9.0"
"firstName210","lastName210","Mon Jan 05 00:00:00 IST 95","2.0"
"firstName211","lastName211","Mon May 04 00:00:00 IST 95","9.0"
"firstName213","lastName213","Fri Oct 03 00:00:00 IST 94","8.0"
"firstName222","lastName222","Fri Aug 10 00:00:00 IST 92","8.0"
"firstName224","lastName224","Wed Dec 11 00:00:00 IST 93","3.0"
"firstName226","lastName226","Mon Mar 12 00:00:00 IST 92","6.0"
"firstName227","lastName227","Mon Apr 06 00:00:00 IST 95","9.0"
"firstName229","lastName229","Sat May 11 00:00:00 IST 93","6.0"
"firstName230","lastName230","Wed Apr 08 00:00:00 IST 95","5.0"
"firstName231","lastName231","Sat Dec 06 00:00:00 IST 94","3.0"
"firstName233","lastName233","Wed Nov 06 00:00:00 IST 93","7.0"
"firstName234","lastName234","Sun Nov 11 00:00:00 IST 92","9.0"
"firstName236","lastName236","Mon Mar 10 00:00:00 IST 94","1.0"
"firstName237","lastName237","Mon Sep 08 00:00:00 IST 94","6.0"
"firstName239","lastName239","Sun Feb 02 00:00:00 IST 94","8.0"
"firstName24","lastName24","Sun Aug 03 00:00:00 IST 94","7.0"
"firstName241","lastName241","Thu Jan 03 00:00:00 IST 93","1.0"
"firstName243","lastName243","Fri Jul 04 00:00:00 IST 94","9.0"
"firstName244","lastName244","Wed Jan 07 00:00:00 IST 95","9.0"
"firstName246","lastName246","Wed Feb 12 00:00:00 IST 94","8.0"
"firstName248","lastName248","Thu Mar 06 00:00:00 IST 94","6.0"
"firstName25","lastName25","Mon Oct 07 00:00:00 IST 93","2.0"
"firstName250","lastName250","Sun May 05 00:00:00 IST 93","8.0"
"firstName252","lastName252","Tue Dec 02 00:00:00 IST 94","5.0"
"firstName254","lastName254","Mon Apr 06 00:00:00 IST 95","4.0"
"firstName255","lastName255","Fri Oct 11 00:00:00 IST 93","3.0"
"firstName257","lastName257","Thu Feb 05 00:00:00 IST 95","1.0"
"firstName258","lastName258","Tue Apr 09 00:00:00 IST 93","3.0"
"firstName26","lastName26","Wed Sep 04 00:00:00 IST 93","10.0"
"firstName261","lastName261","Mon Apr 06 00:00:00 IST 95","5.0"
"firstName262","lastName262","Wed Jun 12 00:00:00 IST 93","9.0"
"firstName264","lastName264","Tue Jan 10 00:00:00 IST 92","5.0"
"firstName266","lastName266","Wed Nov 06 00:00:00 IST 93","6.0"
"firstName268","lastName268","Wed May 08 00:00:00 IST 93","9.0"
"firstName269","lastName269","Fri Jun 07 00:00:00 IST 93","4.0"
"firstName270","lastName270","Tue Feb 04 00:00:00 IST 94","3.0"
"firstName271","lastName271","Sun Feb 09 00:00:00 IST 94","8.0"
"firstName273","lastName273","Wed Mar 12 00:00:00 IST 94","10.0"
"firstName275","lastName275","Sun May 11 00:00:00 IST 94","4.0"
"firstName276","lastName276","Tue Oct 07 00:00:00 IST 94","5.0"
"firstName278","lastName278","Fri Oct 03 00:00:00 IST 94","8.0"
"firstName28","lastName28","Thu Apr 10 00:00:00 IST 94","8.0"
"firstName280","lastName280","Wed Jan 08 00:00:00 IST 94","8.0"
"firstName282","lastName282","Thu Apr 03 00:00:00 IST 94","8.0"
"firstName284","lastName284","Sun Sep 08 00:00:00 IST 93","7.0"
"firstName285","lastName285","Tue Apr 02 00:00:00 IST 93","8.0"
"firstName287","lastName287","Sat May 11 00:00:00 IST 93","6.0"
"firstName289","lastName289","Sat May 11 00:00:00 IST 93","8.0"
"firstName29","lastName29","Wed Apr 02 00:00:00 IST 94","9.0"
"firstName291","lastName291","Sat Feb 02 00:00:00 IST 93","10.0"
"firstName293","lastName293","Fri May 03 00:00:00 IST 93","10.0"
"firstName294","lastName294","Thu Dec 04 00:00:00 IST 94","3.0"
"firstName296","lastName296","Wed Sep 04 00:00:00 IST 93","2.0"
"firstName297","lastName297","Thu Jan 02 00:00:00 IST 94","5.0"
"firstName299","lastName299","Sun Jul 05 00:00:00 IST 95","1.0"
"firstName30","lastName30","Fri Jul 12 00:00:00 IST 93","8.0"
"firstName300","lastName300","Fri Jul 04 00:00:00 IST 94","6.0"
"firstName33","lastName33","Tue Mar 11 00:00:00 IST 94","7.0"
"firstName34","lastName34","Wed Oct 10 00:00:00 IST 92","9.0"
"firstName35","lastName35","Mon Mar 04 00:00:00 IST 93","7.0"
"firstName37","lastName37","Fri Feb 06 00:00:00 IST 95","8.0"
"firstName38","lastName38","Tue Sep 11 00:00:00 IST 92","6.0"
"firstName39","lastName39","Mon Mar 04 00:00:00 IST 93","10.0"
"firstName4","lastName4","Sun Sep 01 00:00:00 IST 93","5.0"
"firstName40","lastName40","Mon Mar 02 00:00:00 IST 95","8.0"
"firstName42","lastName42","Tue Aug 05 00:00:00 IST 94","6.0"
"firstName43","lastName43","Sun Jul 07 00:00:00 IST 93","6.0"
"firstName45","lastName45","Tue Dec 11 00:00:00 IST 92","2.0"
"firstName47","lastName47","Sun May 11 00:00:00 IST 94","9.0"
"firstName48","lastName48","Sat Mar 10 00:00:00 IST 92","2.0"
"firstName5","lastName5","Tue Feb 12 00:00:00 IST 93","10.0"
"firstName50","lastName50","Thu Jan 10 00:00:00 IST 93","3.0"
"firstName52","lastName52","Fri Aug 02 00:00:00 IST 93","7.0"
"firstName53","lastName53","Sun Jan 12 00:00:00 IST 94","4.0"
"firstName55","lastName55","Mon Jul 08 00:00:00 IST 93","8.0"
"firstName57","lastName57","Thu May 02 00:00:00 IST 93","7.0"
"firstName58","lastName58","Mon Mar 10 00:00:00 IST 94","10.0"
"firstName6","lastName6","Wed Oct 10 00:00:00 IST 92","7.0"
"firstName61","lastName61","Thu Dec 04 00:00:00 IST 94","7.0"
"firstName62","lastName62","Thu Mar 07 00:00:00 IST 93","6.0"
"firstName64","lastName64","Sun Feb 12 00:00:00 IST 92","3.0"
"firstName65","lastName65","Thu Sep 05 00:00:00 IST 93","2.0"
"firstName67","lastName67","Fri Oct 12 00:00:00 IST 92","3.0"
"firstName69","lastName69","Sun Apr 07 00:00:00 IST 93","2.0"
"firstName7","lastName7","Fri Mar 06 00:00:00 IST 95","2.0"
"firstName71","lastName71","Mon Feb 02 00:00:00 IST 95","1.0"
